image_id,extracted_text,,,
nb101.PNG,267.5,,,
nb102.PNG,957.65,,,
nb103.PNG,895,,,
nb104.PNG,28,,,
nb105.PNG,1200,,,
nb106.PNG,250,,,
nb107.PNG,79201,,,
nb108.PNG,96.03,,,
nb109.PNG,77048,,,
nb110.PNG,79201,,,
nb111.PNG,160,,,
nb112.PNG,50,,,
nb114.PNG,95089,,,
nb115.PNG,150,,,
nb116.PNG,180,,,
nb117.PNG,80,,,
nb118.PNG,2023,,,
nb119.PNG,9,,,
nb120.PNG,320,,,
nb121.PNG,1284,,,
nb122.PNG,93.458,,,
nb123.PNG,6,,,
nb125.PNG,150,,,
nb126.PNG,85055,,,
nb127.PNG,2023,,,
nb128.PNG,3006,,,
nb129.PNG,150,,,
nb130.PNG,98064,,,
nb131.PNG,23,,,
nb132.PNG,5563,,,
nb133.PNG,7715,,,
nb134.PNG,2,,,
nb135.PNG,2,,,
nb136.PNG,1,,,
nb138.PNG,0,,,
nb140.PNG,70 dt,,,
nb141.PNG,950,,,
nb142.PNG,140,,,
nb143.PNG,0.5,,,
nb144.PNG,2687,,,
nb145.PNG,23,,,
nb146.PNG,3,,,
nb147.PNG,70.21,,,
nb148.PNG,83.548,,,
nb149.PNG,500,,,
nb150.PNG,11282,,,
101.PNG,Mr Filali Med,,,
102.PNG,Docteur AzoulAy,,,
103.PNG,Madame DuPont Marie,,,
104.PNG,Faire au laboratoire,,,
105.PNG,NFS,,,
107.PNG,Glycimie,,,
108.PNG,Rapport Medical,,,
109.PNG,21/10/2014,,,
111.PNG,Myriem Matticen,,,
112.PNG,Dr Kirti Chhapia,,,
113.PNG,Hajri,,,
116.PNG,Zakia Hosni,,,
117.PNG,Aloui Ridha,,,
118.PNG,Amel,,,
119.PNG,Samir trabelsi,,,
120.PNG,Solicare,,,
121.PNG,chenaoui khaled,,,
123.PNG,Dricod,,,
124.PNG,Eoliote,,,
126.PNG,matin,,,
128.PNG,Zoughi,,,
129.PNG,Fathia jelassi,,,
130.PNG,hamadi,,,
131.PNG,9/1/2025,,,
132.PNG,ouallia radlue,,,
133.PNG,gouttes,,,
134.PNG,le soir,,,
135.PNG,Sami chattoui,,,
138.PNG,Mr Sami chattoui,,,
139.PNG,13/03/2018,,,
140.PNG,Jelly-Royal,,,
141.PNG,Berry Neutar,,,
143.PNG,Multi-MACA,,,
144.PNG,écho cardiologue,,,
145.PNG,Dhaouadi taoufik,,,
146.PNG,Vitamine B12,,,
147.PNG,folicum,,,
148.PNG,semaine,,,
149.PNG,mois,,,
150.PNG,Doliprane,,,
151.PNG,Zakia Hosni,,,
152.PNG,17-juin,,,
153.PNG,Jane Smith,,,
154.PNG,keflex 500 mg,,,
155.PNG, Mr Smile,,,
156.PNG,Souriez,,,
157.PNG,Bonjour,,,
158.PNG,Il est vivement conseillé de dépasser,,,
159.PNG,réguliérement la dose prescrite,,,
160.PNG,aux blessures multiples par,,,
161.PNG,certificat de decés,,,
nb51.png,48785,,,
nb52.png,100232,,,
nb53.png,42895,,,
nb54.png,31045,,,
nb55.png,100. 905,,,
nb56.png,1081621FAP/000,,,
nb57.png,134,,,
nb58.png,80,,,
nb59.png,10. 691,,,
nb60.png,4662,,,
nb61.png,MF: 9084N/P|C/000,,,
nb62.png,55361,,,
nb63.png,50,,,
nb64.png,926334,,,
nb65.png,7965,,,
nb66.png,M.F. 14438530,,,
nb67.png,42008,,,
nb68.png,353,,,
nb69.png,34 507,,,
nb70.png,21073,,,
nb78.png,255858,,,
nb79.png,50678,,,
nb80.png,257992,,,
nb81.png,102595,,,
nb82.png,80,,,
nb83.png,10.691,,,
nb84.png,55717,,,
nb86.png,50678,,,
nb89.png,70,,,
nb91.png,32834,,,
nb92.png,188,,,
nb93.png,48785,,,
nb94.png,70,,,
nb95.png,1081621F/A/P/000,,,
nb97.png,100232,,,
nb98.png,60,,,
nb99.png,255858,,,
dt1.JPG,19/06/2023,,,
dt10.JPG,26/06/2026,,,
dt11.JPG,30.06.2013,,,
dt12.JPG,30/06/2023,,,
dt13.JPG,26/06/2023,,,
dt14.JPG,26/06/2023,,,
dt15.JPG,23/08/1973,,,
dt16.JPG,26/06/2023,,,
dt18.JPG,Le 13/06/2013,,,
dt19.JPG,26/11/2013,,,
dt2.JPG,le 09/06/23,,,
dt20.JPG,27/06/2023,,,
dt21.JPG,22.06.23,,,
dt22.JPG,14/06/2023,,,
dt23.JPG,16/07/1968,,,
dt24.JPG,30/06/2013,,,
dt25.JPG,12/7/2023,,,
dt26.JPG,10/7/2023,,,
dt27.JPG,10/7/2023,,,
dt28.JPG,11/7/2023,,,
dt29.JPG,22/06/2023,,,
dt3.JPG,16/06/2023,,,
dt30.JPG,22/06/2023,,,
dt31.JPG,24/06/2023,,,
dt32.JPG,21/06/2023,,,
dt33.JPG,20/06/2023,,,
dt34.JPG, 04/07/2023,,,
dt35.JPG,5/7/2023,,,
dt36.JPG,4/7/2023,,,
dt37.JPG,3/7/2023,,,
dt38.JPG,10/7/2023,,,
dt39.JPG,10/7/2023,,,
dt4.JPG,20/09/1981,,,
dt40.JPG, le 30/6 /23,,,
dt41.JPG,30/06/2023,,,
dt42.JPG,11/4/1976,,,
dt43.JPG,5/7/2023,,,
dt44.JPG, 10/07/2023,,,
dt45.JPG,7/7/2023,,,
dt46.JPG,14/06/2023,,,
dt47.JPG,6/6/2023,,,
dt48.JPG,1/6/2023,,,
dt49.JPG,27/06/2023,,,
dt5.JPG,29/06/2023,,,
dt50.JPG,22/06/2023,,,
dt6.JPG,le 15/06/23,,,
dt7.JPG,15/06/2023,,,
dt8.JPG,5/6/2023,,,
dt9.JPG,31/07/2023,,,
im1.JPG,Hedi Bow Siclr,,,
im10.JPG,NOVIRI AlloUCHE,,,
im11.JPG,TRIB,,,
im12.JPG,Pour Nouicel Ben Roudhane.,,,
im13.JPG,Bilan psychoteur pour,,,
im14.JPG,Jean médecine Azz,,,
im15.JPG,Valider le nom,,,
im16.JPG,Eya Chebbi,,,
im17.JPG,KAVOU MORCHKO,,,
im18.JPG,Ahmed Madouani,,,
im19.JPG,Dorsaf Abidi,,,
im2.JPG,Mucilarie 200,,,
im20.JPG,Mutuelle Santoc,,,
im21.JPG,Bin Ouaghram. Walit.,,,
im22.JPG,Gupex Adulte.,,,
im23.JPG,Lobna Azizi,,,
im24.JPG,Hicham Khani ffi,,,
im25.JPG,Mme Safa ZAMANI,,,
im26.JPG,Lamb. Bassem.,,,
im27.JPG,Abir Dhakele,,,
im28.JPG,Fios nghues,,,
im29.JPG,Gires Oshais,,,
im3.JPG,Jarmann Kautier,,,
im30.JPG,Gusm Auer,,,
im31.JPG,Ligne blanche par plu,,,
im32.JPG,Halau loulhber,,,
im33.JPG,Dr Semix Neetrgui,,,
im34.JPG,Ayam Ali le,,,
im35.JPG,Mahdeoui Abdeleziz,,,
im36.JPG,Yaha-Arabel,,,
im37.JPG,Revue Ben Soud,,,
im38.JPG,Nasil Reglassi,,,
im39.JPG,Algia Ismail,,,
im4.JPG,Progesterone,,,
im40.JPG,Echographie,,,
im41.JPG,o cui naloed,,,
im42.JPG,M. Akh. Toukebri,,,
im43.JPG,Treinelati Sachamu,,,
im44.JPG,Habibi Mohnson,,,
im45.JPG,M Hebti Ahmed,,,
im46.JPG,A. Dusic Chaguin,,,
im47.JPG,Chadly Houda,,,
im48.JPG,Taleb Essia,,,
im49.JPG,Hedhoxaou,,,
im5.JPG,Norai lotfi,,,
im50.JPG,Mme Chignon Zmbo,,,
im6.JPG,Youssef Guacoun.,,,
im7.JPG,Fitalgine,,,
im8.JPG,Mme Lotfi khazri ,,,
im9.JPG,Ebtisem Hajiri,,,
nb1.PNG,50,,,
nb2.PNG,66445,,,
nb3.PNG,54175,,,
nb4.PNG,1264350,,,
nb5.PNG,655612/M,,,
nb6.PNG,70,,,
nb7.PNG,291.6,,,
nb8.PNG,1429-89,,,
nb9.PNG,50,,,
nb10.PNG,37.795,,,
nb11.PNG,40,,,
nb12.PNG,224,,,
nb13.PNG,50dt,,,
nb14.PNG,60 dt,,,
nb15.PNG,10915,,,
nb16.PNG,1791933/w,,,
nb17.PNG,938669,,,
nb18.PNG,365,,,
nb19.PNG,1174,,,
nb20.PNG,90256,,,
nb21.PNG,65.639,,,
nb22.PNG,38184,,,
nb23.PNG,237,,,
nb24.PNG,16.725,,,
nb25.PNG,4.5,,,
nb26.PNG,6.5,,,
nb27.PNG,236,,,
nb28.PNG,70,,,
nb29.PNG,130D,,,
nb30.PNG,70,,,
nb31.PNG,38116,,,
nb32.PNG,14,,,
nb33.PNG,70,,,
nb34.PNG,108495,,,
nb35.PNG,35,,,
nb36.PNG,83548,,,
nb37.PNG,827846,,,
nb38.PNG,166975,,,
nb39.PNG,45,,,
nb40.PNG,33168,,,
nb41.PNG,127.746,,,
nb42.PNG,62640,,,
nb43.PNG,100,,,
nb44.PNG,170,,,
nb45.PNG,50,,,
nb46.PNG,51749,,,
nb47.PNG,60,,,
nb48.PNG,35512,,,
nb49.PNG,20,,,
im51.PNG,HYOSCYAMINE Bourbons,,,
im52.PNG,Dylatec emploie pdtosmis,,,
im53.PNG,Physiol top 1x/j pdt Ã  2min,,,
im54.PNG,Merdessi Said,,,
im55.PNG,Panadol extra,,,
im56.PNG,2 cpx,,,
im57.PNG,1 SPIRANIZOL cp,,,
im58.PNG,2- Doliprane 400,,,
im59.PNG,1 cp x 2 L/j 042,,,
im60.PNG,Clamoxyl,,,
im61.PNG,Maxilase sirop,,,
im62.PNG,Homeovox,,,
im63.PNG,Lasaad Chki,,,
im64.PNG,Apromax SSRI = 1 cp (14j),,,
im65.PNG,Doliprane 1000 = 1cp x 1j x 14j,,,
im66.PNG,Appeton 20 = 14pli x 14j,,,
im67.PNG,Biclopel,,,
im68.PNG,Bidavor 500,,,
im69.PNG,au debut des repas,,,
im70.PNG,Dr: Abderrazak BEN YAGHOUTA,,,
im71.PNG,GAJ,,,
im72.PNG,DAFLON 2 cp/j,,,
im73.PNG,Selmi Samia,,,
im74.PNG,Nolook,,,
im75.PNG,Chaoudi Oud Sghaein,,,
im76.PNG,Bromisol,,,
im77.PNG,Aero Diagnostic,,,
im78.PNG,MR Mohamed Arfoui,,,
im79.PNG,cla oey Ig,,,
im80.PNG,2/ Doluveoo,,,
im81.PNG,Mr Ridha Rokbani,,,
im82.PNG,Aprovel,,,
im83.PNG,Mare Mag = 1 gel x 2 / jour,,,
im84.PNG,Bouddabous Tarek,,,
im85.PNG,Urbanol  1/2 cp le soir xoxo L mois,,,
im86.PNG,Cardo-x,,,
im87.PNG,Mr. Ali Bou2M,,,
im88.PNG,Sotalol 160,,,
im89.PNG,Rinosal,,,
8010743341-18762685-0132.jpg,06-10-1835,,,
8010779711-1347.jpg,01-01-1890,,,
8010743341-18762685-0348.jpg,28/06/1959,,,
8010777381-0219.jpg,19-12-1836,,,
8010755681-6486810-0603.jpg,4/11/1909,,,
8010777381-0075.jpg,26-04-1892,,,
8010750041-6486081-0003.jpg,25-07-1853,,,
8010755681-6486811-0022.jpg,05-09-1846,,,
8010750041-14428010-0207.jpg,07-03-1850,,,
8010755681-6486811-0092.jpg,10/7/1911,,,
8010755661-0733.jpg,07-11-1831,,,
8010743251-18761922-0353.jpg,08-10-1820,,,
8010779711-1077.jpg,03-06-1835,,,
8010755661-0078.jpg,12-06-1851,,,
8010743231-18761921-0394.jpg,13-08-1838,,,
8010779711-1204.jpg,29-01-1875,,,
8010779681-6489788-0224.jpg,30-09-1837,,,
8010779711-0550.jpg,16-12-1845,,,
8010750041-6486081-0005.jpg,25-04-1834,,,
8010779711-0094.jpg,11-07-1841,,,
8010755681-6486810-0611.jpg,16-01-1878,,,
8010743251-18761922-0586.jpg,27-09-1836,,,
8010750601-6486161-0198.jpg,22-11-1872,,,
8010743251-18761922-0159.jpg,16-09-1860,,,
8010777371-18803524-0276.jpg,27-07-1877,,,
8010750071-0322.jpg,27-12-1838,,,
8010743251-18761922-0269.jpg,15/06/1912,,,
8010777381-0135.jpg,26/05/1933,,,
8010743351-18761923-0289.jpg,06-01-1899,,,
8010755661-0500.jpg,7/2/1911,,,
8010779711-1353.jpg,14-06-1850,,,
8010755881-6486843-0115.jpg,12-12-1871,,,
8010750661-0070.jpg,20-12-1848,,,
8010779711-0645.jpg,28-11-1833,,,
8010750071-0219.jpg,21-10-1846,,,
8010779711-0003.jpg,30-01-1846,,,
8010750071-0567.jpg,15/05/1906,,,
8010777381-0538.jpg,7/10/1903,,,
8010779711-0824.jpg,12-12-1837,,,
8010743351-18761923-0437.jpg,23-09-1830,,,
8010779681-6489788-0041.jpg,05-03-1844,,,
8010750041-6486081-0319.jpg,29-03-1831,,,
8010779681-6489788-0328.jpg,28/12/1920,,,
8010777381-0708.jpg,26-11-1842,,,
8010743251-18761922-0072.jpg,2/8/1911,,,
8010750041-6486081-0126.jpg,20/10/1911,,,
8010750661-0974.jpg,21/03/1912,,,
8010743231-18761921-0735.jpg,16-03-1882,,,
8010755661-0835.jpg,24-12-1837,,,
8010750661-0736.jpg,07-03-1888,,,
8010779681-6489788-0342.jpg,30-09-1869,,,
8010750071-0362.jpg,06-08-1878,,,
8010750661-0191.jpg,02-10-1839,,,
8010750071-0456.jpg,07-05-1825,,,
8010750041-6486081-0269.jpg,3/5/1913,,,
8010750601-6486162-0032.jpg,26-07-1841,,,
8010750601-6486161-0084.jpg,28/11/1911,,,
8010777381-0133.jpg,21-04-1857,,,
8010743251-18761922-0745.jpg,13-06-1865,,,
8010779681-6489788-0087.jpg,28-09-1844,,,
8010755681-6486810-0649.jpg,10-08-1888,,,
8010750041-6486081-0768.jpg,14/05/1902,,,
8010743351-18761923-0342.jpg,27/02/1911,,,
8010779711-0099.jpg,12-03-1856,,,
8010779711-0472.jpg,24-03-1840,,,
8010755681-6486810-0119.jpg,11-11-1846,,,
8010755661-0268.jpg,22/02/1993,,,
8010777371-18803524-0016.jpg,15-11-1854,,,
8010743231-18761921-0421.jpg,20-09-1892,,,
8010755681-6486810-0176.jpg,22-11-1872,,,
8010743351-18761923-0793.jpg,18-12-1847,,,
8010777381-0170.jpg,15-09-1869,,,
8010779681-6489789-0381.jpg,01-08-1861,,,
8010743351-18761923-0429.jpg,22-09-1878,,,
8010779711-1050.jpg,08-11-1846,,,
8010755681-6486810-0005.jpg,29-11-1826,,,
8010777381-0664.jpg,06-01-1845,,,
8010777381-0380.jpg,2/1/1959,,,
8010777371-18803524-0063.jpg,31-05-1849,,,
8010750041-14428010-0278.jpg,03-03-1856,,,
8010743341-18762685-0490.jpg,06-03-1829,,,
8010755681-6486810-0476.jpg,21-11-1839,,,
8010750041-6486081-0185.jpg,03-01-1854,,,
8010750661-0043.jpg,02-06-1839,,,
8010779711-1197.jpg,11-01-1863,,,
8010750601-6486161-0250.jpg,28-06-1852,,,
8010750661-0528.jpg,20/06/1910,,,
8010743341-18762685-0326.jpg,24-10-1837,,,
8010750601-6486162-0055.jpg,01-12-1867,,,
8010743351-18761923-0723.jpg,05-08-1829,,,
8010750041-6486081-0356.jpg,05-08-1841,,,
8010779711-0566.jpg,10-02-1852,,,
8010779681-6489788-0119.jpg,11-01-1863,,,
8010755681-6486810-0442.jpg,25-02-1857,,,
8010755661-0284.jpg,17/11/1913,,,
8010743251-18761922-0414.jpg,16-05-1840,,,
8010743251-18761922-0661.jpg,26-08-1839,,,
8010755881-6486843-0110.jpg,03-08-1889,,,
8010777381-0614.jpg,04-11-1839,,,
8010779681-6489788-0181.jpg,17-07-1846,,,
8010755661-0300.jpg,11-06-1831,,,
8010743251-18761922-0497.jpg,12-09-1838,,,
8010743341-18762685-0173.jpg,03-10-1828,,,
8010755881-6486843-0096.jpg,03-07-1835,,,
8010779711-0063.jpg,18/03/1921,,,
8010779711-0636.jpg,9/4/1956,,,
8010750601-6486161-0439.jpg,17-04-1878,,,
8010743341-18762685-0570.jpg,01-09-1851,,,
8010750071-0320.jpg,16-10-1838,,,
8010743351-18761923-0695.jpg,14-08-1896,,,
8010743351-18761923-0126.jpg,05-06-1833,,,
8010755681-6486810-0026.jpg,04-12-1887,,,
8010779711-0398.jpg,22-05-1873,,,
8010777381-0228.jpg,14-04-1875,,,
8010779681-6489788-0215.jpg,19-11-1847,,,
8010743341-18762685-0032.jpg,27-09-1854,,,
8010750601-6486161-0125.jpg,10-03-1838,,,
8010743341-18762685-0913.jpg,02-01-1841,,,
8010779681-6489788-0120.jpg,08-10-1863,,,
8010750601-6486161-0322.jpg,04-08-1839,,,
8010779711-0026.jpg,25-12-1865,,,
8010755681-6486811-0074.jpg,15-12-1842,,,
8010777381-0375.jpg,17/05/1921,,,
8010755661-0775.jpg,27-10-1872,,,
8010750601-6486162-0144.jpg,08-07-1851,,,
8010777371-6489437-0583.jpg,17-03-1842,,,
8010750601-6486161-0770.jpg,23-12-1870,,,
8010743231-18761921-0796.jpg,16-05-1831,,,
8010779711-0606.jpg,04-04-1846,,,
8010750601-6486161-0723.jpg,20-06-1849,,,
8010750601-6486162-0017.jpg,03-06-1836,,,
8010750661-0165.jpg,19-10-1846,,,
8010755661-0045.jpg,08-06-1858,,,
8010750041-6486081-0578.jpg,7/2/1909,,,
8010750071-0408.jpg,31-05-1879,,,
8010750071-0647.jpg,15-10-1855,,,
8010777381-0415.jpg,06-10-1843,,,
8010750071-0848.jpg,29-07-1846,,,
8010755661-0129.jpg,24/01/1916,,,
8010750601-6486162-0199.jpg,05-02-1877,,,
8010755661-1003.jpg,02-08-1829,,,
8010779711-0108.jpg,15-06-1855,,,
8010750661-0831.jpg,25-05-1834,,,
8010779681-6489788-0400.jpg,16/08/1916,,,
8010750601-6486162-0176.jpg,14-04-1873,,,
8010743351-18761923-0577.jpg,22-03-1866,,,
8010779711-0430.jpg,10-04-1846,,,
8010750661-0476.jpg,06-05-1854,,,
8010743341-18762685-0789.jpg,28-12-1872,,,
8010755681-6486810-0592.jpg,21-01-1887,,,
8010743351-18761923-0107.jpg,11-02-1853,,,
8010755661-0630.jpg,02-02-1858,,,
8010755661-0324.jpg,04-12-1855,,,
8010750041-6486081-0131.jpg,19-12-1837,,,
8010777381-0405.jpg,11-05-1893,,,
8010779711-0509.jpg,29-11-1846,,,
8010755661-0914.jpg,18-04-1872,,,
8010750071-0089.jpg,14-09-1835,,,
8010755681-6486810-0331.jpg,06-09-1832,,,
8010777381-0045.jpg,06-02-1875,,,
8010779681-6489789-0439.jpg,17-08-1849,,,
8010750661-0395.jpg,13-01-1841,,,
8010779681-6489789-0460.jpg,16-11-1848,,,
8010777381-0419.jpg,24/09/1973,,,
8010750041-6486081-0819.jpg,03-05-1861,,,
8010750661-1069.jpg,24-12-1832,,,
8010777381-0440.jpg,03-12-1855,,,
8010750601-6486161-0376.jpg,13-03-1867,,,
8010755681-6486810-0707.jpg,15-01-1861,,,
8010750601-6486161-0156.jpg,10-10-1858,,,
8010750601-6486161-0177.jpg,03-10-1849,,,
8010779711-0395.jpg,28-05-1840,,,
8010750041-14428010-0044.jpg,20-05-1830,,,
8010743231-18761921-0517.jpg,28/11/1911,,,
8010755681-6486810-0157.jpg,26-07-1858,,,
8010743251-18761922-0556.jpg,16-03-1854,,,
8010743341-18762685-0295.jpg,19-11-1856,,,
8010743351-18761923-0397.jpg,08-06-1885,,,
8010755661-0740.jpg,15/09/2027,,,
8010755661-0585.jpg,09-09-1856,,,
8010777371-18803524-0194.jpg,21-03-1854,,,
8010779681-6489789-0198.jpg,29-06-1855,,,
8010750071-0507.jpg,20-11-1848,,,
8010750041-14428010-0115.jpg,04-02-1848,,,
8010755661-0423.jpg,26-09-1855,,,
8010755681-6486811-0264.jpg,17-05-1887,,,
8010755681-6486811-0082.jpg,16-06-1825,,,
8010779711-0533.jpg,01-07-1883,,,
8010777381-0024.jpg,28-09-1838,,,
8010779711-0725.jpg,17-10-1838,,,
8010755681-6486810-0460.jpg,15-11-1896,,,
8010743231-18761921-0579.jpg,9/7/1911,,,
8010755661-0865.jpg,16-03-1889,,,
8010755661-1051.jpg,05-04-1858,,,
8010777371-6489437-0593.jpg,25-11-1840,,,
8010777371-18803524-0197.jpg,28/11/1920,,,
8010750071-0569.jpg,24-02-1843,,,
8010750661-0750.jpg,30-10-1865,,,
8010755661-0738.jpg,31-08-1842,,,
8010750041-14428010-0082.jpg,07-12-1859,,,
8010779681-6489789-0285.jpg,28/11/1920,,,
8010750661-0930.jpg,29-01-1851,,,
8010743251-18761922-0096.jpg,01-06-1838,,,
8010779711-0278.jpg,19-05-1845,,,
8010779681-6489788-0141.jpg,12/3/1904,,,
8010743341-18762685-0241.jpg,31-12-1844,,,
8010779681-6489788-0267.jpg,05-10-1843,,,
8010779711-0614.jpg,22-08-1861,,,
8010755681-6486810-0486.jpg,03-09-1859,,,
8010755681-6486810-0495.jpg,03-12-1835,,,
8010750661-0789.jpg,18-02-1835,,,
8010779711-0840.jpg,17/08/1905,,,
8010750601-6486161-0180.jpg,04-04-1860,,,
8010777371-18803524-0400.jpg,06-09-1864,,,
8010743251-18761922-0618.jpg,28-08-1872,,,
8010777381-0046.jpg,23/12/1919,,,
8010779711-0635.jpg,02-03-1840,,,
8010779711-0205.jpg,09-10-1827,,,
8010750071-0162.jpg,20/10/1939,,,
8010750601-6486161-0530.jpg,19-03-1847,,,
8010755661-0206.jpg,17-10-1826,,,
8010755681-6486810-0040.jpg,26-03-1822,,,
8010779711-0486.jpg,03-05-1840,,,
8010750601-6486161-0710.jpg,22-03-1875,,,
8010755661-0716.jpg,23-01-1856,,,
8010777371-18803524-0020.jpg,16-07-1843,,,
8010743231-18761921-0337.jpg,30-06-1864,,,
8010779711-1298.jpg,17-03-1850,,,
8010779681-6489789-0074.jpg,01-04-1841,,,
8010779711-0179.jpg,04-03-1865,,,
8010743351-18761923-0041.jpg,11-05-1843,,,
8010779711-1274.jpg,27/01/1966,,,
8010779711-0490.jpg,16-01-1850,,,
8010777371-18803524-0351.jpg,16-05-1860,,,
8010779681-6489789-0300.jpg,04-10-1868,,,
8010777381-0160.jpg,07-01-1850,,,
8010750661-0296.jpg,03-03-1877,,,
8010743341-18762685-0014.jpg,05-07-1886,,,
8010750661-0007.jpg,10-10-1866,,,
8010779681-6489788-0032.jpg,24/11/1918,,,
8010750041-6486081-0411.jpg,10-07-1881,,,
8010743351-18761923-0294.jpg,16-02-1834,,,
8010743341-18762685-0817.jpg,05-12-1895,,,
8010779711-1171.jpg,25-01-1891,,,
8010750071-0623.jpg,17-04-1829,,,
8010750041-14428010-0231.jpg,10-05-1849,,,
8010750601-6486161-0688.jpg,02-01-1877,,,
8010779681-6489789-0465.jpg,24-02-1866,,,
8010750041-14428010-0183.jpg,01-04-1831,,,
8010779681-6489789-0072.jpg,24-04-1837,,,
8010743251-18761922-0645.jpg,24/01/1908,,,
8010750661-0505.jpg,06-12-1856,,,
8010750661-0563.jpg,19-06-1839,,,
8010743351-18761923-0403.jpg,23-04-1853,,,
8010779711-0625.jpg,22-01-1822,,,
8010779711-0503.jpg,21-03-1868,,,
8010755681-6486811-0137.jpg,05-02-1896,,,
8010750041-6486081-0430.jpg,24-01-1881,,,
8010750661-0483.jpg,12/7/1994,,,
8010755661-0223.jpg,06-02-1857,,,
8010755681-6486810-0338.jpg,23-03-1842,,,
8010750601-6486161-0536.jpg,01-02-1864,,,
8010750601-6486161-0381.jpg,29-05-1843,,,
8010743351-18761923-0097.jpg,22-03-1886,,,
8010779711-0858.jpg,25-01-1843,,,
8010750071-0777.jpg,25-06-1883,,,
8010750041-14428010-0154.jpg,23/09/1934,,,
8010743231-18761921-0202.jpg,30-04-1844,,,
8010777371-18803524-0232.jpg,18-05-1869,,,
8010779711-0833.jpg,10-04-1837,,,
8010743341-18762685-0117.jpg,15-12-1868,,,
8010743231-18761921-0810.jpg,04-01-1839,,,
8010779681-6489789-0221.jpg,01-08-1852,,,
8010743231-18761921-0695.jpg,20-09-1876,,,
8010750661-0487.jpg,10-06-1858,,,
8010755881-6486843-0028.jpg,17-06-1840,,,
8010743251-18761922-0293.jpg,15-08-1858,,,
8010750071-0748.jpg,01-05-1840,,,
8010755661-0574.jpg,04-03-1851,,,
8010743251-18761922-0442.jpg,04-03-1876,,,
8010779681-6489789-0296.jpg,25-11-1859,,,
8010743341-18762685-0444.jpg,02-10-1829,,,
8010779711-1095.jpg,21-02-1850,,,
8010779711-0948.jpg,26-02-1848,,,
8010779711-1055.jpg,6/3/1907,,,
8010779681-6489788-0505.jpg,19-06-1852,,,
8010750661-0929.jpg,07-04-1859,,,
8010779711-0883.jpg,10-10-1837,,,
8010750661-0201.jpg,05-08-1852,,,
8010750661-0502.jpg,23-01-1834,,,
8010777381-0572.jpg,05-01-1834,,,
8010750661-0292.jpg,26/03/1912,,,
8010779681-6489789-0463.jpg,04-05-1882,,,
8010755681-6486810-0634.jpg,30-10-1843,,,
8010779711-0813.jpg,12-08-1848,,,
8010750041-14428010-0178.jpg,20-09-1839,,,
8010777371-18803524-0198.jpg,24-12-1864,,,
8010750661-0543.jpg,22-12-1886,,,
8010743341-18762685-0759.jpg,17-06-1850,,,
8010755681-6486810-0199.jpg,25/09/1908,,,
8010779711-1037.jpg,16-10-1861,,,
8010743341-18762685-0415.jpg,28-08-1896,,,
8010779681-6489788-0498.jpg,20-11-1877,,,
8010750041-6486081-0313.jpg,04-04-1829,,,
8010755661-0267.jpg,15/10/2015,,,
8010777381-0385.jpg,12-05-1860,,,
8010755661-0362.jpg,02-07-1845,,,
8010750041-14428010-0348.jpg,18/01/1902,,,
8010777371-6489437-0568.jpg,15/08/1920,,,
8010777371-18803524-0402.jpg,02-11-1832,,,
8010777371-6489437-0603.jpg,09-07-1830,,,
8010743251-18761922-0746.jpg,23/12/1900,,,
8010777381-0168.jpg,25-08-1840,,,
8010779711-0262.jpg,21/10/1903,,,
8010750661-0527.jpg,20-12-1834,,,
8010750661-0199.jpg,16-06-1846,,,
8010755681-6486810-0568.jpg,11-11-1846,,,
8010755661-0011.jpg,28/05/1983,,,
8010750041-6486081-0153.jpg,29-10-1840,,,
8010750041-14428010-0172.jpg,25/08/1968,,,
8010750661-0356.jpg,09-10-1857,,,
8010743341-18762685-0285.jpg,16/02/1912,,,
8010750601-6486161-0058.jpg,16-04-1838,,,
8010743231-18761921-0738.jpg,09-10-1861,,,
8010777381-0215.jpg,07-10-1843,,,
8010777381-0692.jpg,30-04-1846,,,
8010777371-18803524-0409.jpg,30/09/1912,,,
8010743351-18761923-0732.jpg,15-02-1831,,,
8010750601-6486161-0543.jpg,3/6/1952,,,
8010743231-18761921-0197.jpg,8/12/1908,,,
8010743351-18761923-0518.jpg,26-08-1839,,,
8010743231-18761921-0003.jpg,20-01-1841,,,
8010777381-0458.jpg,10/6/1973,,,
8010755681-6486810-0663.jpg,18-01-1874,,,
8010750661-0334.jpg,5/11/1909,,,
8010779711-0759.jpg,10-04-1851,,,
8010779711-0154.jpg,22-12-1836,,,
8010750601-6486161-0434.jpg,03-04-1846,,,
8010750661-0492.jpg,09-09-1855,,,
8010750601-6486161-0716.jpg,30/07/1995,,,
8010779681-6489788-0352.jpg,27-02-1897,,,
8010750071-0311.jpg,13-07-1863,,,
8010779711-1355.jpg,25-03-1869,,,
8010755881-6486843-0077.jpg,20-10-1846,,,
8010743351-18761923-0541.jpg,20-04-1823,,,
8010743341-18762685-0158.jpg,27-04-1892,,,
8010755661-0669.jpg,21-08-1890,,,
8010750601-6486161-0583.jpg,23/12/1906,,,
8010743351-18761923-0765.jpg,16-05-1897,,,
8010750601-6486161-0248.jpg,27-11-1849,,,
8010750601-6486162-0102.jpg,23-02-1862,,,
8010743351-18761923-0209.jpg,26-05-1823,,,
8010755661-0309.jpg,14-08-1861,,,
8010755681-6486810-0106.jpg,11-07-1834,,,
8010779681-6489788-0184.jpg,13-11-1839,,,
8010777371-6489437-0536.jpg,23-12-1849,,,
8010750661-0928.jpg,14-01-1874,,,
8010777371-18803524-0413.jpg,18-08-1842,,,
8010743351-18761923-0489.jpg,16-12-1853,,,
8010777381-0247.jpg,12/8/1921,,,
8010779711-0807.jpg,10-12-1857,,,
8010743351-18761923-0133.jpg,11-07-1858,,,
8010755661-0968.jpg,29-05-1847,,,
8010743251-18761922-0237.jpg,04-11-1841,,,
8010743351-18761923-0640.jpg,26/10/1910,,,
8010750661-0825.jpg,21/09/1913,,,
8010779681-6489789-0330.jpg,06-10-1843,,,
8010777371-18803524-0190.jpg,27-10-1850,,,
8010755681-6486811-0250.jpg,25/03/1908,,,
8010755661-0406.jpg,06-10-1842,,,
8010743341-18762685-0057.jpg,13-05-1887,,,
8010755681-6486810-0212.jpg,04-05-1833,,,
8010755681-6486810-0097.jpg,24-01-1877,,,
8010743251-18761922-0579.jpg,30-05-1885,,,
8010777381-0532.jpg,05-09-1853,,,
8010755681-6486810-0494.jpg,24-05-1823,,,
8010777371-18803524-0352.jpg,28-02-1870,,,
8010743231-18761921-0456.jpg,01-11-1877,,,
8010779711-0085.jpg,14-02-1837,,,
8010777381-0211.jpg,13-03-1836,,,
8010750661-0837.jpg,17/12/1976,,,
8010755661-0950.jpg,25-11-1856,,,
8010743251-18761922-0036.jpg,07-07-1844,,,
8010750071-0019.jpg,15-06-1834,,,
8010743351-18761923-0521.jpg,11-10-1839,,,
8010779681-6489789-0279.jpg,08-11-1877,,,
8010779681-6489788-0483.jpg,23-11-1858,,,
8010743231-18761921-0532.jpg,21-03-1848,,,
8010750041-6486081-0305.jpg,25/12/1912,,,
8010779711-0392.jpg,22/05/1904,,,
8010755661-0751.jpg,28-07-1845,,,
8010743251-18761922-0655.jpg,21/05/1911,,,
8010777381-0486.jpg,22-07-1872,,,
8010743341-18762685-0035.jpg,11-09-1839,,,
8010743231-18761921-0536.jpg,16-02-1885,,,
8010750041-6486081-0029.jpg,30/07/1901,,,
8010779681-6489789-0314.jpg,24/11/1972,,,
8010779711-0144.jpg,27-03-1845,,,
8010750661-0475.jpg,21-05-1861,,,
8010779681-6489789-0278.jpg,26-01-1845,,,
8010779681-6489789-0090.jpg,25-06-1854,,,
8010755681-6486811-0130.jpg,15-05-1872,,,
8010755661-0522.jpg,23-12-1859,,,
8010750661-0590.jpg,16-02-1872,,,
8010755661-0310.jpg,21-12-1859,,,
8010743251-18761922-0434.jpg,11-04-1894,,,
8010779711-0879.jpg,20-07-1839,,,
8010755881-6486843-0078.jpg,17-03-1848,,,
8010750601-6486162-0081.jpg,18-04-1896,,,
8010779711-0919.jpg,28-05-1839,,,
8010777371-18803524-0076.jpg,09-07-1864,,,
8010779711-1101.jpg,14-10-1839,,,
8010743351-18761923-0118.jpg,27-08-1875,,,
8010755681-6486810-0227.jpg,11-02-1840,,,
8010755661-0867.jpg,16-01-1850,,,
8010743231-18761921-0398.jpg,24-08-1833,,,
8010743341-18762685-0838.jpg,27-10-1869,,,
8010750041-6486081-0515.jpg,19-06-1832,,,
8010755661-0581.jpg,14-04-1892,,,
8010750071-0559.jpg,8/3/1905,,,
8010743251-18761922-0446.jpg,26-06-1858,,,
8010743341-18762685-0850.jpg,24-09-1869,,,
8010743351-18761923-0271.jpg,28-11-1860,,,
8010743341-18762685-0431.jpg,10-07-1833,,,
8010779681-6489789-0191.jpg,11-04-1854,,,
8010755881-6486843-0036.jpg,27-05-1846,,,
8010750601-6486162-0071.jpg,08-08-1848,,,
8010750601-6486161-0168.jpg,22-02-1871,,,
8010755661-0301.jpg,30/12/1991,,,
8010743231-18761921-0194.jpg,03-05-1834,,,
8010755661-1044.jpg,05-12-1846,,,
8010743251-18761922-0004.jpg,09-04-1851,,,
8010750041-6486081-0203.jpg,28-09-1831,,,
8010779681-6489788-0056.jpg,07-08-1848,,,
8010779711-1074.jpg,25-08-1846,,,
8010750041-14428010-0244.jpg,03-09-1851,,,
8010755661-0385.jpg,15-02-1843,,,
8010755661-0535.jpg,07-06-1887,,,
8010779711-0979.jpg,15-08-1842,,,
8010779681-6489788-0248.jpg,25-01-1866,,,
8010743341-18762685-0185.jpg,29-12-1877,,,
8010755661-0715.jpg,12-08-1859,,,
8010755661-0480.jpg,01-09-1883,,,
8010743231-18761921-0026.jpg,24-03-1871,,,
8010777371-18803524-0130.jpg,28-05-1855,,,
8010743251-18761922-0458.jpg,03-09-1828,,,
8010779681-6489788-0090.jpg,29-03-1899,,,
8010743341-18762685-0521.jpg,31/12/1910,,,
8010755681-6486810-0381.jpg,14-06-1882,,,
8010755681-6486810-0083.jpg,13-02-1846,,,
8010779681-6489788-0004.jpg,22/02/1967,,,
8010779681-6489788-0423.jpg,03-12-1841,,,
8010779711-0615.jpg,28-12-1877,,,
8010755661-0432.jpg,17-01-1850,,,
8010779711-1089.jpg,22-05-1842,,,
8010750661-0815.jpg,06-03-1885,,,
8010777381-0059.jpg,10-02-1895,,,
8010755661-0380.jpg,23-12-1849,,,
8010779711-1222.jpg,02-10-1862,,,
8010750601-6486162-0074.jpg,01-08-1827,,,
8010750601-6486162-0171.jpg,02-02-1852,,,
8010779711-1172.jpg,19-10-1849,,,
8010750661-0639.jpg,31/07/1915,,,
8010755661-0149.jpg,13-01-1840,,,
8010743341-18762685-0171.jpg,1/3/1949,,,
8010743351-18761923-0466.jpg,02-07-1830,,,
8010779711-1389.jpg,26-09-184,,,
8010743341-18762685-0422.jpg,25-07-1833,,,
8010750661-0248.jpg,17/07/1913,,,
8010777381-0198.jpg,27-02-1842,,,
8010777381-0338.jpg,29-11-1856,,,
8010755661-0164.jpg,15-11-1836,,,
8010743341-18762685-0110.jpg,12/10/1942,,,
8010750601-6486161-0742.jpg,31-05-1835,,,
8010743351-18761923-0700.jpg,19-01-1845,,,
8010779711-1328.jpg,1/4/1921,,,
8010750601-6486161-0040.jpg,27-02-1842,,,
8010743251-18761922-0412.jpg,04-04-1883,,,
8010743231-18761921-0481.jpg,16-05-1879,,,
8010755661-0410.jpg,02-11-1839,,,
8010750601-6486161-0334.jpg,28-11-1829,,,
8010755661-0529.jpg,12/12/1912,,,
8010755681-6486810-0297.jpg,20-10-1854,,,
8010750601-6486161-0344.jpg,16-07-1892,,,
8010743351-18761923-0007.jpg,02-11-1822,,,
8010750661-1014.jpg,21-10-1839,,,
8010750071-0090.jpg,05-04-1860,,,
8010779711-1102.jpg,21/11/1955,,,
8010750661-0425.jpg,13/02/1915,,,
8010750041-6486081-0542.jpg,17/01/1977,,,
8010755661-0278.jpg,09-07-1835,,,
8010750041-14428010-0149.jpg,21-08-1893,,,
8010750041-14428010-0146.jpg,21-04-1847,,,
8010750661-0598.jpg,20/05/1904,,,
8010750601-6486162-0141.jpg,23-08-1839,,,
8010750071-0761.jpg,29-08-1899,,,
8010779681-6489788-0287.jpg,15-05-1848,,,
8010755661-0014.jpg,03-03-1844,,,
8010743251-18761922-0083.jpg,28-12-1839,,,
8010777381-0371.jpg,12-12-1897,,,
image_100.png,"to be demonstrations . "" Yesterday Sir Roy's",,,
image_1000.png,and Kings ,,,
image_1001.png,in the four federal by-elections last October the party,,,
image_1005.png,held last autumn ,,,
image_1011.png,Diefenbaker was still ahead in terms of,,,
image_1028.png,is still the diplomatist ,,,
image_1047.png,assurance and is a match for the,,,
image_1055.png,increasingly confident of return to power ,,,
image_1057.png,"new and dynamic liberalism "" and this",,,
image_1086.png,be justified from a scientific point of view ,,,
image_110.png,Protectorate's future . Said Mr. Nkumbula,,,
image_1101.png,There has also been some talk of adopting another,,,
image_1102.png,Streak ,,,
image_1104.png,of capsule was involved . A lesser obstacle,,,
image_111.png,at Chequers .,,,
image_1111.png,under which funds could be appropriated .,,,
image_1114.png,This is expected eventually to replace the,,,
image_1117.png,three hours ,,,
image_1120.png,of American policy .,,,
image_1126.png,President Kennedy's report to the British,,,
image_1129.png,Common Market only if there were no conditions,,,
image_1136.png,There were also brief discussions on Laos ,,,
image_1141.png,men talked alone .,,,
image_1142.png,Lord Home ,,,
image_1168.png,given by Lady Dorothy Macmillan with Mrs. Kennedy and other,,,
image_1169.png,""" rather pessimistic "" and talked of a Berlin crisis later this year .",,,
image_1175.png,"said the Vienna talks "" might be the beginning of a slight improvement ",,,
image_1178.png,and informed him of the Vienna outcome . Last night Mr. Rusk arrived,,,
image_118.png,future . Said Mr. Nkumbula last night :,,,
image_1183.png,followed up by new efforts for peace ,,,
image_1199.png,"good beginning . ' "" Mr. Krushchov remained at the",,,
image_12.png,and he is to be backed by Mr. Will Griffiths ,,,
image_120.png,chief aide ,,,
image_1206.png,In VIENNA ,,,
image_1209.png,the hospitality and welcome he had received .,,,
image_1214.png,sites in Britain for the training of German,,,
image_1215.png,must have nuclear weapons so long as the,,,
image_1221.png,their tactics by switching most of their emphasis on,,,
image_1225.png,Addressing the annual congress of the National Union,,,
image_1227.png,support of his views . Obviously conscious of the fierce and,,,
image_1231.png,agree . The Labour Party opposed Thor missiles ,,,
image_1233.png,Mr Gaitskell said that a member of an alliance could,,,
image_125.png,"to be demonstrations . "" Yesterday Sir Roy's",,,
image_1269.png,opportunity for the party . It was a,,,
image_127.png,will meet to discuss the function of a,,,
image_1286.png,Congress should therefore consider the,,,
image_13.png,"which would appear to "" prop up "" an out-dated",,,
image_1300.png,Earl Russell ,,,
image_1319.png,first of these reasons is the importance of pre-,,,
image_1325.png,The second reason is concerned with doubts,,,
image_1335.png,British membership of Nato and British,,,
image_1339.png,"may prove impossible to fulfil . """,,,
image_1343.png,"prevention of nuclear war . "" A rapidly",,,
image_1347.png,interest for the whole world - East and,,,
image_135.png,Mr. Macleod went on with the conference,,,
image_1353.png,Services . Its aim will be to produce superbly,,,
image_1361.png,not contemplated ,,,
image_1369.png,are now being worked out by the Chiefs,,,
image_1373.png,of Home ,,,
image_1407.png,to have come mainly from retired officers,,,
image_1417.png,his leave .,,,
image_1418.png,Sir Francis is to hand over to Sir Richard,,,
image_1420.png,moment # when attention had to be,,,
image_1424.png,military operations . For this reason Sir,,,
image_1437.png,towards the Nationalist party of Dr. Verwoerd ,,,
image_1440.png,afterwards by the United party candidate ,,,
image_1447.png,of both their chief figures . Dr. Verwoerd and,,,
image_145.png,studying them today . The conference will meet,,,
image_1451.png,the most apathetic in the country's history .,,,
image_1457.png,in the Parliamentary recess whether to,,,
image_1459.png,In most constituencies it may go down as,,,
image_1469.png,there would be no hesitation in mobilising,,,
image_147.png,blown up . He has now revealed his full plans,,,
image_1470.png,be party to accepting as a matter of,,,
image_1481.png,the surest way to avert it .,,,
image_1483.png,With a vigour and authority which delighted,,,
image_1500.png,He spent most of his short half-hour on,,,
image_1503.png,final and irrevocable division of Germany .,,,
image_1504.png,"some "" new myth "" about betrayal of Germany",,,
image_151.png,Mr. Macleod went on with the conference at,,,
image_1514.png,sirable atmosphere of panic . He thought,,,
image_152.png,Lancaster House despite the crisis which had,,,
image_1533.png,censured by Mr. Shinwell ,,,
image_1538.png,We started with the plaintive wailings,,,
image_1543.png,Healey had another tilt at the Prime Minister's,,,
image_1545.png,early stages of to-night's debate . Mr.,,,
image_1552.png,take part ,,,
image_1559.png,"brought a bark of "" Start another war ! """,,,
image_157.png,to Chequers at the week-end for talks with,,,
image_1572.png,they themselves had no condemnation for,,,
image_1579.png,But Mr. Healey had a partial and,,,
image_158.png,MR. IAIN MACLEOD ,,,
image_1591.png,Thomas ,,,
image_1595.png,through a cliche-ridden Foreign Office,,,
image_1598.png,and her illegitimate baby . For the most,,,
image_1599.png,part ,,,
image_1601.png,of the Campaign for Nuclear,,,
image_1603.png,"atmosphere as a crime against humanity . """,,,
image_1605.png,# Khruschev ,,,
image_1626.png,The first hint of the Chancellor bowing to,,,
image_1627.png,Government does not like retrospective legislation .,,,
image_1636.png,He went on to describe the kind of,,,
image_164.png,boycotted by the two main settlers' parties -,,,
image_1642.png,Mr. Harold Wilson ,,,
image_1643.png,Management Bill ,,,
image_1649.png,quick in-and-out speculator deals .,,,
image_1653.png,the scheme . Profits of genuine investors,,,
image_1657.png,I should commit hara-kiri .,,,
image_1664.png,disband in ten days . These the ETU,,,
image_1676.png,rockets . Applauding on the river banks at,,,
image_1682.png,"the Communist "" Nato . "" He said rocket-",,,
image_1688.png,Marshal Andrei Grechko ,,,
image_1690.png,"and added : "" It is the most disastrous thing any Prime",,,
image_1691.png,Minister has done for many ,,,
image_1696.png,to stop .,,,
image_1703.png,"There were loud cries of "" shame "" from",,,
image_1715.png,This apparently ,,,
image_1721.png,evidence of Conservative and Labour,,,
image_1731.png,""" Shame . "" Mr. Williams is a close",,,
image_1739.png,Majesty's Government have come to the,,,
image_1740.png,behind the Serjeant at Arms' chair .,,,
image_1745.png,who created a scene on this point on,,,
image_176.png,Central African Federation ,,,
image_1764.png,Referring to previous negotiations ,,,
image_1766.png,much shelter ,,,
image_1767.png,Minister that I do not think,,,
image_1772.png,of considerable authority ,,,
image_1775.png,"told this "" by some # people",,,
image_1781.png,"will mean a rise in the cost of living . """,,,
image_1783.png,If we joined the Common Market ,,,
image_1787.png,sixth successive week - this,,,
image_1789.png,these coins .,,,
image_1802.png,instalment of almost 8,,,
image_1803.png,"this year . """,,,
image_1807.png,About another 70,,,
image_1809.png,Banks have paid in a first,,,
image_1824.png,not alarmed ... . Next door ,,,
image_1825.png,eyes there has sprung up a regular army led by former Nazi,,,
image_183.png,at the week-end for talks with Mr. Macmillan .,,,
image_1833.png,of a third world war . The best way to rule out such a tragic,,,
image_1856.png,Government's policy of apartheid as we wait,,,
image_1857.png,not clear-cut .,,,
image_1859.png,do the strongest arguments lie ? THE Archbishop,,,
image_1861.png,wait until South Africa actually becomes a,,,
image_1872.png,The Archbishop has long been a courageous,,,
image_1876.png,On the other hand ,,,
image_1880.png,shock of expulsion will weaken the grip of Dr.,,,
image_1890.png,is surely the one thing that it could not survive .,,,
image_1894.png,solution would be for the Commonwealth to draft,,,
image_1909.png,of a good neighbour . She has put up the value,,,
image_1911.png,their visit . The warmth of their welcome in India and,,,
image_1912.png,But the Queen and the Duke have pleased millions by,,,
image_1917.png,in the direction of live-and-let-live . Hopes,,,
image_1923.png,will now grow brighter of further international,,,
image_1939.png,share in giving aid to underdeveloped nations ,,,
image_1951.png,all our problems . So it would . While we are,,,
image_1952.png,Those who lend their names to this kind of,,,
image_1954.png,would prefer to put our hopes for earthly justice in,,,
image_1955.png,instruments of democracy ,,,
image_1958.png,advertisement falls into neither category ,,,
image_1960.png,exercise editorial discretion . The MRA,,,
image_1967.png,This is a difficult question . It would obviously,,,
image_1968.png,Government was to denounce the United,,,
image_1971.png,to say that its 400 troops in the Congo,,,
image_1972.png,a # dignified exit . IF the UN is,,,
image_2003.png,in fighting . Yesterday the ships turned away,,,
image_2007.png,stressed that there was no intention to intervene,,,
image_2022.png,their tribal reserves with no prospect but a,,,
image_2024.png,ONLY a man wrapped in the impenetrable cocoon of what he regards,,,
image_2028.png,A good neighbour to those Africans who will con-,,,
image_203.png,to sit round the conference table .,,,
image_2030.png,water in the white areas of South Africa ,,,
image_2032.png,and without hope . THE same sort of good neighbour,,,
image_2036.png,Commonwealth . Otherwise ,,,
image_2037.png,It is impossible to make contact with Dr. Ver-,,,
image_2038.png,makes illusory any hopes that he may be in-,,,
image_2041.png,South Africa should be allowed to stay in the,,,
image_2047.png,policy of appeasement has modified the,,,
image_2048.png,actions of the Nationalists . On the contrary ,,,
image_205.png,Northern Rhodesia is a member of the Fede-,,,
image_2063.png,without a story or a picture or probably both ,,,
image_207.png,refusing to sit round the conference table .,,,
image_2090.png,manoeuvring ,,,
image_2093.png,principle ,,,
image_2094.png,Formula One ,,,
image_2116.png,Adenauer's chances of being returned as Chancellor .,,,
image_2122.png,the campaign has dismayed a good,,,
image_2124.png,truism that policies of menace and mutual disarmament,,,
image_2128.png,But discussion on current points of east-west con-,,,
image_2138.png,Comprehensive legislation is obviously preferable . They should not ,,,
image_2145.png,explain the advantages to the general,,,
image_2146.png,about it yesterday . The purpose is to give,,,
image_2151.png,start if they had taken more pains to,,,
image_216.png,day called on Mr. Macmillan to cease his,,,
image_2164.png,public to go over to decimal coinage - in certain,,,
image_2168.png,circumstances the time would come when this would,,,
image_2173.png,roped in . The only result was,,,
image_2179.png,authorities ganged up to alter the habits,,,
image_2180.png,of the people . That effort was to enforce,,,
image_219.png,Mr. Macleod thought the two Rhodesian,,,
image_2194.png,said the Congolese could govern themselves,,,
image_2196.png,troubles ,,,
image_2205.png,in two world wars . We are allies still .,,,
image_2210.png,substantially higher last year than in 1959 .,,,
image_2215.png,shortages ,,,
image_222.png,"and unconstitutional "" interference by",,,
image_2224.png,commercial TV contractors want to delay it for 10 years .,,,
image_2226.png,by the deaths of two elderly sisters who killed themselves because,,,
image_223.png,quers last week-end . They said they,,,
image_2243.png,company will sign on again .,,,
image_2247.png,to subsidise and defend the Cypriots . They will enjoy,,,
image_2254.png,men back on a five-day week .,,,
image_2266.png,Whitehall should be deserted . And they will have a fine view,,,
image_2299.png,ponder how their gardening tools are mysteriously,,,
image_2311.png,difficulties from African politicians greedy for power .,,,
image_2320.png,among Britain's major industries .,,,
image_2328.png,tremendous upsurge in investment . It reports that new,,,
image_2333.png,issues of our time .,,,
image_2341.png,that freedom last if their policies were adopted ?,,,
image_2343.png,After the war he favoured a preventive war against,,,
image_2348.png,eccentric campaigns in freedom . They should,,,
image_2362.png,disagree with him ? The facts answer that .,,,
image_2372.png,bossed by an Indian ,,,
image_2373.png,with what has happened in the Congo . There,,,
image_2374.png,Welensky's opponents have carried their theories,,,
image_2376.png,to 19 .,,,
image_2384.png,that in the most prosperous days in this,,,
image_2386.png,people . THE Danes are annoyed with British,,,
image_2409.png,Cambridge want the study of agriculture to become,,,
image_2410.png,provide men of knowledge and skill .,,,
image_2411.png,the old Palace . And Barry and Eric . DONS at,,,
image_2413.png,an honours degree course . Farming is Britain's,,,
image_2414.png,on new techniques - and on the universities to,,,
image_2420.png,the opportunity to show is just as interested in the,,,
image_2424.png,conquer .,,,
image_2435.png,many a good trade unionist since then has ,,,
image_2440.png,To the British Travel Association ,,,
image_2441.png,the Luddites took sledge-hammers to their looms and,,,
image_2442.png,"slightly stunned . Afterwards they said : "" We thought",,,
image_2455.png,audio-TV training techniques ,,,
image_2460.png,is processed ,,,
image_2466.png,factory to becoming a paint sprayer in,,,
image_2468.png,"Martyrs ! "" "" CRICKET ",,,
image_247.png,Weaver of New York . One of his tasks will,,,
image_2470.png,"each . "" Not so ",,,
image_2489.png,endless massacre that led to the death of six million Jews was,,,
image_2490.png,""" decent ",,,
image_2503.png,intimate knowledge of every link in the chain of command that,,,
image_2504.png,at the apex . In examination he betrayed an expert and,,,
image_2508.png,who used the system - and used it with power and authority .,,,
image_2512.png,"believed in the moral superiority of "" The New",,,
image_2517.png,need them as slaves to # our Kultur ,,,
image_2518.png,to death like cattle interests me only in so far as we,,,
image_2519.png,it is of no interest to me .,,,
image_2520.png,They really believed that the Treaty of Versailles,,,
image_2523.png,"invasion of our islands all the "" able-bodied",,,
image_2524.png,General Brauchitsch signed a directive,,,
image_2525.png,This concept of slavery included Britain .,,,
image_2530.png,seventeen and forty-five will ,,,
image_2533.png,Poland ,,,
image_2543.png,hectoring ,,,
image_2550.png,"of "" Abou Ben Adhem . """,,,
image_2554.png,guilty interest in the devilment busi-,,,
image_2557.png,hell-bound under a strict Presbyterian,,,
image_2567.png,""" Britain is uncomfortable in her role of champion",,,
image_2568.png,providing the cloak for Germany to build an,,,
image_2585.png,Herr Strauss ,,,
image_2589.png,Nato council meeting last year over the question : do we,,,
image_2592.png,"agreed to give similar "" facilities """,,,
image_2621.png,and stronger . Now this target which,,,
image_2629.png,"principal Nato ally "" grows stronger",,,
image_2632.png,by Right-Wing Labour in this country . They have,,,
image_2636.png,All this has been achieved through Nato under,,,
image_2641.png,and Britain must stay in it to keep the Germans in,,,
image_2644.png,"that he shall have no bases or "" facilities ",,,
image_2648.png,policy decisions established at the Scar-,,,
image_2649.png,bell's article ,,,
image_2651.png,with the Soviet Union can prevent another,,,
image_2652.png,which fought for and still stands on the,,,
image_2661.png,For many years my union had to present its views,,,
image_2664.png,official policy and seeking to win majorities,,,
image_2666.png,perspective of sharp struggle based on consistent,,,
image_2670.png,When Scarborough carried our point of view,,,
image_2674.png,the alternatives had been put clearly to the,,,
image_2675.png,rearmament policy . Hopes rose as we saw a,,,
image_2678.png,established during their years,,,
image_2705.png,to despair . And yet ,,,
image_2712.png,In unions where the central issues,,,
image_2716.png,as on bases - were decisively carried .,,,
image_2722.png,Gaitskellism is bankrupt .,,,
image_2724.png,present a whole new proof that to abandon,,,
image_2732.png,Gaitskell's stupid hope . The tragedy is,,,
image_2744.png,convenience . Unity can never be established by,,,
image_2745.png,troops being trained on British soil and Polaris ,,,
image_2757.png,leaders are not only in favour of American,,,
image_2767.png,They accept American nuclear bases ,,,
image_277.png,Southern Senator - Willis Robertson ,,,
image_2770.png,the use of nuclear weapons and nuclear strategy,,,
image_2779.png,Congress ,,,
image_278.png,Committee ,,,
image_2785.png,the Polaris base and facilities for German bases,,,
image_2786.png,home and foreign policy . It is quite evident,,,
image_2790.png,end the manufacture and use of,,,
image_2791.png,all nuclear strategy and weapons of mass,,,
image_2793.png,Week subsides it is doubtful whether more,,,
image_2795.png,destruction ,,,
image_2801.png,This week of window dressing will not prevent,,,
image_2803.png,jobs . It needs more than 10,,,
image_2805.png,in six weeks time from ending up in blind alley,,,
image_2807.png,catch up with the space age .,,,
image_2822.png,applications ,,,
image_2830.png,a representative modern work and the composer,,,
image_2831.png,idioms ,,,
image_2841.png,of the libretto ,,,
image_2842.png,obtains his musical characterisation by means,,,
image_2844.png,of character than caricature . This is also the chief ,,,
image_285.png,sparked off the opposition by telling a,,,
image_2850.png,who had been close to him . In turning over,,,
image_2851.png,behaviour and a vision of mischief-,,,
image_2857.png,making propensities of the leisured,,,
image_2858.png,ber of German film directors who have,,,
image_2861.png,AFTER ten days of intermittent ,,,
image_2862.png,"angelo Antonioni's "" La Notte . "" The num-",,,
image_2863.png,life by two extraordinary films ,,,
image_2866.png,can be counted on the fingers of one,,,
image_2870.png,"Bru""cke ",,,
image_2875.png,new Antonioni film .,,,
image_2880.png,"pressive . As Friedrich Du""rrenmatt ",,,
image_2881.png,lost and the forgotten ,,,
image_2901.png,begun . Instead of having the desired effect ,,,
image_2917.png,the wildly flapping white sails slashed by,,,
image_292.png,closed session to discuss Weaver's appointment .,,,
image_2922.png,recording every wrinkle and drop of sweat,,,
image_2934.png,"It is most unfair to call "" Malachias "" a cut-rate",,,
image_2936.png,"in "" Titanic "" by paralleling the last days of the",,,
image_2942.png,the film with extreme coolness ,,,
image_2944.png,est une Femme ,,,
image_2948.png,a brilliantly funny start ,,,
image_295.png,sparked off the opposition by telling a,,,
image_2951.png,This director is at last being re-evaluated and,,,
image_2956.png,"but extremely important "" 1914 "" ( 1931 ) ",,,
image_297.png,Robertson saying the Federal Bureau of In-,,,
image_2981.png,in Moderato Cantabile ( curiously trans-,,,
image_2988.png,Belmondo reappears at the Paris Pullman,,,
image_2992.png,Donahue ,,,
image_30.png,be that as Labour M Ps opposed the,,,
image_3003.png,Square Theatre tomorrow . It has been produced,,,
image_302.png,alleged association with organisations black-,,,
image_3036.png,Richardson ,,,
image_3041.png,The film version of Miss Shelagh Delaney's,,,
image_3045.png,conceived throughout in terms of the cinema ,,,
image_3057.png,This is not a filmed play . It has been conceived,,,
image_3064.png,film so vividly to life . In Fanny ,,,
image_3071.png,story ,,,
image_3073.png,throughout in terms of the cinema ,,,
image_3077.png,ters to their background ,,,
image_3099.png,and wet pavements ,,,
image_310.png,alleged association with organisations black-,,,
image_3100.png,a town in the industrial North of England,,,
image_3132.png,In A Taste of Honey Mr. Richardson has,,,
image_3133.png,the rubbish strewn canals - even the,,,
image_3138.png,taken a town in the industrial North of,,,
image_3145.png,rubbish strewn canals - even the worn,,,
image_3153.png,streets and wet pavements ,,,
image_3154.png,the rubbish strewn canals - even the worn,,,
image_3159.png,girl lives in a single dingy room with,,,
image_3160.png,surroundings she learns sex is something,,,
image_3164.png,to bear his child and sails away .,,,
image_3191.png,but half shyly and half inquisitively . As,,,
image_3197.png,the first time herself it is incoherently ,,,
image_3199.png,intense realism in the situation . A young,,,
image_3206.png,clumsily ,,,
image_3215.png,her his forlorn gift of companionship and sym-,,,
image_3216.png,strong maternal instinct to the unborn child,,,
image_3231.png,shares her room and gives her his forlorn gift,,,
image_3238.png,"of companionship and sympathy - "" you need someone",,,
image_3240.png,her his forlorn gift of companionship and,,,
image_3243.png,In Fanny the pregnant girl is befriended by,,,
image_3247.png,as much as to the expectant mother ,,,
image_3249.png,an old man . Here it is a young homosexual ,,,
image_3259.png,"panionship and sympathy - "" you need someone",,,
image_3260.png,her in her hour of need . He shares her room,,,
image_3264.png,and comforter to her in her hour of need .,,,
image_3267.png,expectant mother ,,,
image_3279.png,Landen ,,,
image_3290.png,Arguably ,,,
image_3292.png,exacting role ,,,
image_3299.png,Mr. Dinsdale Landen ,,,
image_3302.png,restrained power .,,,
image_3307.png,a performance of rare intelligence and,,,
image_3308.png,in our minds about her if she remained,,,
image_3309.png,for herself ,,,
image_3310.png,makes her few brief scenes effective ,,,
image_3313.png,for herself ,,,
image_3315.png,Mr. Dinsdale Landen ,,,
image_3318.png,mance of rare intelligence and restrained,,,
image_3338.png,of Betti's writing without over-emphasizing,,,
image_3340.png,"them . Last night's play in the "" Play of the",,,
image_3342.png,"Week "" series on independent television ",,,
image_3358.png,ambition .,,,
image_3359.png,emphasizing them . Last night's play in the,,,
image_3361.png,elements of Betti's writing without over-,,,
image_337.png,that his Government would try to get,,,
image_3379.png,"in the "" Play of the Week "" series on",,,
image_3400.png,It went ,,,
image_3414.png,say whether or not the attempt succeeded,,,
image_342.png,over West Germany's cash offer to help,,,
image_3428.png,to generate a melodramatic inevitability,,,
image_3430.png,or not the attempt succeeded if we had a,,,
image_3432.png,Ferris manipulated his characters .,,,
image_3438.png,always palely appealing ,,,
image_344.png,Adenauer ,,,
image_3445.png,colour .,,,
image_3459.png,their set moods but played with proper effi-,,,
image_3463.png,lavish and suitably gaudy colour .,,,
image_3465.png,James Maxwell ,,,
image_3467.png,asked to modulate from their set moods,,,
image_3468.png,Aubrey Richards ,,,
image_3469.png,Mr. William Lucas ( Morris ) is always,,,
image_3471.png,but played with proper efficiency and ,,,
image_3472.png,in the case of Mr. Richards ,,,
image_3477.png,with lavish and suitably gaudy colour .,,,
image_3478.png,the editor ,,,
image_348.png,tough over West Germany's cash offer to,,,
image_3493.png,always palely appealing ,,,
image_3499.png,that ,,,
image_3501.png,explicably from appreciable motives . The rest ,,,
image_3508.png,with which he had endowed them . One hopes,,,
image_3509.png,because of their odd accents ,,,
image_3511.png,explicably from appreciable motives . The,,,
image_3513.png,accents ,,,
image_3516.png,of tradition .,,,
image_3517.png,asking us to believe that ,,,
image_352.png,pay more . He did not mention personal,,,
image_3523.png,foreigners of tradition .,,,
image_353.png,German Chancellor .,,,
image_3538.png,action by the author in spite of the,,,
image_354.png,PRESIDENT KENNEDY is ready to get,,,
image_3542.png,foreigners of tradition .,,,
image_3545.png,ineffectuality with which he had endowed,,,
image_3547.png,"and leave the rest to him . """,,,
image_3554.png,I have a hunch that he will feel more at home in the,,,
image_3560.png,In his first Hollywood picture ,,,
image_3561.png,a cardboard role ,,,
image_3567.png,and Yves Montand . Against this couple Frankie ,,,
image_3568.png,best moments are when he swings breezily into the,,,
image_3577.png,think hard and long before his next jump into the,,,
image_3595.png,James has pumped life into a slim ,,,
image_3596.png,( Leicester-square Theatre ,,,
image_3597.png,a near-disastrous leak . Familiar members of Britain's,,,
image_3602.png,newly-weds Ian Carmichael and Janette Scott let,,,
image_3611.png,gang of crooks .,,,
image_3619.png,entertaining . It was also a mistake to,,,
image_3623.png,form . Why only two numbers ,,,
image_3626.png,or so ago . But the Mudlarks ,,,
image_3632.png,of his trousers . The action moved at tremendous,,,
image_3635.png,lot - this time Brian Rix lost his skirt instead,,,
image_364.png,"But he said discussions "" on a higher",,,
image_3643.png,it was accidental - I hope not . If ever a bag of,,,
image_3648.png,record ,,,
image_3650.png,All the good singers sing in tune . Twang a guitar,,,
image_3652.png,an OLD 2pianna instead of a new one . You got to,,,
image_3657.png,enough tacks and he got only the middle hammers done .,,,
image_3665.png,Then he tried it out for sound . Um-chink ...,,,
image_3668.png,hauled his thumb-tacked joanna the thirteen,,,
image_3673.png,Now along comes his solo disc ,,,
image_3675.png,"Poppets "" ( Columbia ) .",,,
image_3676.png,"comes in with another of his own works : "" Parade of the",,,
image_3678.png,compositions ,,,
image_3681.png,"at a piece called "" Piccadilly "" ( Polydor ) . I find it cute .",,,
image_3683.png,American pianist Floyd Cramer ,,,
image_3690.png,show business .,,,
image_3691.png,Monty saw him in Bombay ,,,
image_3697.png,Russell Turner ,,,
image_3706.png,show tonight . Boxing fans can see an eight-round,,,
image_3711.png,a house in Anglesey-road is a congregation who,,,
image_3717.png,hard-core Friends of Brendan . They listen,,,
image_3720.png,amber inches in the bottle . Present are some,,,
image_373.png,problem with Dr. Brentano ,,,
image_3740.png,and do some writing there .,,,
image_3746.png,Seventh Avenue ,,,
image_3759.png,"That 's enough of all that hooey . "" HE plunges",,,
image_3766.png,Canadian ,,,
image_3767.png,"person . "" He was in a fight after telling a",,,
image_3773.png,"alcoholic . "" Since then he has been",,,
image_3775.png,hospital with a diabetic and heart,,,
image_3778.png,Stratford ,,,
image_3779.png,and The Hostage was put on . What has happened to,,,
image_3790.png,a book planned to be called Confessions of an Irish,,,
image_3791.png,Rebel which was delivered to his agents in June . IT,,,
image_3796.png,of draught porter . But will we see its,,,
image_3801.png,either in pictures or outside - a budgerigar,,,
image_3806.png,in the cast list of Come September ( Odeon ,,,
image_381.png,"level than in the past "" might be useful .",,,
image_3818.png,sun-terrace of the Hotel Splendido ( renamed,,,
image_3819.png,been joined by a Jeep-load of boys .,,,
image_3820.png,themselves playing chaperon ( Brenda de Banzie ,,,
image_3822.png,#,,,
image_3824.png,inevitably ,,,
image_3835.png,""" He 's got to be 35 ",,,
image_3844.png,Sandra Dee ( to whom ,,,
image_3845.png,Master Darin going steady with the delectable,,,
image_385.png,of a 210million debt to America . United,,,
image_3854.png,THE Marriage-Go-Round ( Carlton ),,,
image_3866.png,firmation ) . She also has quite a,,,
image_3867.png,perfect baby . And she has chosen,,,
image_3870.png,time . I learned from it that in the Institutes of Advanced,,,
image_3872.png,The Marriage-Go-Round is not entirely a waste of,,,
image_3878.png,and sweetly . Mason is always good for,,,
image_3885.png,According to the script she was once,,,
image_3895.png,She thrust out her hand - and felt,,,
image_391.png,or for the present . The Adenauer Government,,,
image_3912.png,Lucky indeed are the families that,,,
image_3923.png,but it would take more than a temporary,,,
image_3925.png,art . It suffered a decline and fell into,,,
image_3930.png,tatting in fine and medium-weight cottons,,,
image_3939.png,in fact ,,,
image_3942.png,a lace border to a handkerchief ,,,
image_3948.png,and worked lace as well as women and,,,
image_3952.png,livelihood by lace-making and consequently,,,
image_3953.png,making not only to young girls ,,,
image_3958.png,was developed into quite an elaborate and distinctive,,,
image_3963.png,texture ,,,
image_3968.png,In some of the elegant boutiques of Paris,,,
image_3969.png,edging for collar ,,,
image_3971.png,it is reasonably quick to work . In the following,,,
image_3978.png,shape ,,,
image_3984.png,( a ) Button Stitch round the outline of basting stitches ,,,
image_3985.png,( b ) Turn under a small hem ,,,
image_3987.png,the knotted part of the button stitch lying on the,,,
image_3996.png,to work with ,,,
image_4003.png,chairbacks ,,,
image_4006.png,the beauty of crochet . The finer mercerised threads,,,
image_4009.png,correct numbers to use with Mercer-Crochet :,,,
image_402.png,rejection of it is a painful blow to the,,,
image_4020.png,and forefinger ( Fig. 1 ) . 1 . Take hold,,,
image_4022.png,and forefinger . 2 . Make a loop by,,,
image_4025.png,pencil . Bring middle finger forward to,,,
image_4030.png,from thread . Pull short end and ball thread,,,
image_4032.png,2 . Insert hook through loop and under long,,,
image_4044.png,as before . It is unnecessary to mark the taper with,,,
image_4048.png,straight .,,,
image_4049.png,accurate . The straight-edge can be used,,,
image_4050.png,end reveals when the required amount,,,
image_4059.png,at ( B ) ,,,
image_4064.png,Incidentally ,,,
image_4067.png,Note that squared lines marking,,,
image_407.png,West German Government . It will now have to pay,,,
image_4092.png,everyone has come to recognise that machines,,,
image_4093.png,example ,,,
image_4094.png,great deal of drudgery can be avoided by the,,,
image_4107.png,with a good basic kit ,,,
image_4110.png,As a still further development ,,,
image_4114.png,cabinet work the necessity for,,,
image_4115.png,depend partly upon the space available,,,
image_4116.png,machines . They never are cheap in the,,,
image_4118.png,machines ,,,
image_4126.png,Most tools have to lead an intensive life ,,,
image_413.png,more - and increase taxation to do so - or,,,
image_4133.png,have to do their woodwork on the kitchen table .,,,
image_414.png,once-and-for-all cash offer of 357million . President,,,
image_4141.png,timber can be used but Parana pine is,,,
image_4152.png,Start by making the two side frames from 1 in. by 1 1/4 in. planed,,,
image_4156.png,All the joints are simple halving joints glued and pinned ,,,
image_4163.png,by 1 1/4 in. by 14 in. timber is fixed across,,,
image_4170.png,chair . The seat rests across the upper two,,,
image_4174.png,glued and panel pinned in position ,,,
image_4176.png,shows the framework for the back which,,,
image_4178.png,B temporarily in place on the chair,,,
image_4180.png,also the height is left to personal choice,,,
image_4185.png,frame .,,,
image_4192.png,angle and B is glued and nailed in place .,,,
image_4206.png,To complete the job ,,,
image_4215.png,edge of the seat ,,,
image_422.png,aides to come up with the answer on,,,
image_4234.png,always used brass screws ,,,
image_4236.png,in place of screws . We just bend them over and clamp,,,
image_4238.png,is nailed and glued together strongly ,,,
image_4239.png,but to save money any scrap may be used ,,,
image_4240.png,the moulds ,,,
image_4251.png,see that the edge bears the mark ,,,
image_4257.png,and easy to make . As will be seen from the plan,,,
image_428.png,he did not know whether America was,,,
image_4288.png,The chines are morticed into this and butt up,,,
image_4289.png,spring them both at the same time over the,,,
image_4294.png,are equal on each side and that the transoms,,,
image_4295.png,are parallel horizontally . Next bevel the chines,,,
image_4296.png,to see that nothing is distorted . Ensure that,,,
image_432.png,military aides to come up with the answer,,,
image_4322.png,trifle ,,,
image_4324.png,the bottom ,,,
image_4341.png,Fix on the gunwales and insert the thwarts ( seats ),,,
image_4353.png,While these may ultimately be made into a picture,,,
image_4357.png,of DDT and fuel oil over 3 million acres or when,,,
image_4362.png,are used in field trial tests .,,,
image_4366.png,number of American State Research Stations . Not,,,
image_4372.png,religiosa ) ,,,
image_4401.png,in my Kilner jars ,,,
image_4404.png,A Gardeners Chronicle reader living in,,,
image_4407.png,and the latest report I have is that,,,
image_441.png,face from his warnings during the,,,
image_4412.png,numerous small clay pots are used each,,,
image_4414.png,no real substitute for clay that can be,,,
image_4427.png,smaller ones and are not normally thrown,,,
image_4433.png,weather ,,,
image_4446.png,for having smashed a large number # to,,,
image_4451.png,establishment ,,,
image_4456.png,with luck ,,,
image_4471.png,suitable container available in quantity,,,
image_4474.png,for fairly large plants .,,,
image_4478.png,Soil blocks are probably the oldest alternative to clay,,,
image_4480.png,that it is used in a slightly moister,,,
image_4481.png,been used in a pot ,,,
image_4484.png,cucumbers ,, cauliflowers ,;
image_4492.png,dahlias ,, sweet peas ,;
image_4510.png,useful for short-term operations ,,,
image_4516.png,and others not so good . A wide range of,,,
image_4525.png,are usually more expensive than clay ones ,,,
image_4537.png,The solitary learner has to find out,,,
image_4546.png,logists ,,,
image_4548.png,and your own teacher . You will then be,,,
image_4564.png,as chemical action ,,,
image_4572.png,identified as elementary sensations . These were,,,
image_4581.png,sciences . For example the success of the atomic theory,,,
image_4588.png,There have been many conflicting tendencies in,,,
image_4592.png,concrete it will be at the cost of over-simplification,,,
image_4599.png,"inevitably "" queer "" about psychology",,,
image_4603.png,It is the tendency to get things,,,
image_4607.png,one of the most unreliable methods of getting,,,
image_4609.png,as it is called ) ,,,
image_4615.png,of the doctor who observes signs ,,,
image_4621.png,psychology is concerned - these patterns are the concern of,,,
image_4628.png,therefore selected . A detailed age-structure was,,,
image_464.png,censure motion on the Government for,,,
image_4641.png,basis but rather of energetic and concerned individuals ,,,
image_4653.png,taken part .,,,
image_4656.png,discussions are arranged for the wives in addition to the,,,
image_4667.png,Towards the end of 1956 ,,,
image_4670.png,advisers ,,,
image_4676.png,older workers and the effects of retirement,,,
image_4679.png,Health of Retired Workers ' ,,,
image_4687.png,Occupational Activities on Retirement .,,,
image_4697.png,of the problems of men and women nearing,,,
image_4702.png,the Workers' Educational Association ,,,
image_4711.png,men was organised . Eleven students from seven firms atten-,,,
image_4719.png,approach was made to about twenty large firms and in Oc-,,,
image_4720.png,and retirement according to the occupational,,,
image_4726.png,programme to the needs of older employees,,,
image_4733.png,start and a good finish are half the battle .,,,
image_4734.png,things in a different way . All the better ! - it will,,,
image_4736.png,Each time you rehearse you will probably put,,,
image_4738.png,So - see the next page ! Yes ,,,
image_474.png,many people far beyond the ranks of,,,
image_4743.png,rate ,,;,
image_4744.png,intelligence .,,,
image_4747.png,sympathy . And you want to get it from the word,,,
image_4756.png,Thank you for listening to me so patiently . A political,,,
image_4758.png,Camp ,,,
image_4763.png,became greatly alarmed ,,,
image_4769.png,on the cushions and floor ,,,
image_477.png,Brown declared that the policy under,,,
image_4773.png,in the evening she had called on her two sisters ,,,
image_4776.png,check was made with the woman's relations in,,,
image_4782.png,It seemed probable that the motive had been,,,
image_4783.png,off was Thursday ,,,
image_4785.png,to the station ,,,
image_4788.png,that she had carried a green purse and,,,
image_4795.png,likely that she had been carrying much money . A porter at Hounslow,,,
image_4798.png,killer to book in modern times .,,,
image_4800.png,and perhaps evidence enough to have brought a,,,
image_4802.png,Putney and Wandsworth they found a bloodstained,,,
image_4811.png,attacked for the sake of robbery ,,,
image_4826.png,a walk over the fields while we attended,,,
image_484.png,whole principle of the State service and,,,
image_4850.png,Union . This meant organizing lectures and courses of,,,
image_4857.png,among the children and young people .,,,
image_4864.png,Passion Plays ,,,
image_487.png,Conservative . I am horrified and amazed,,,
image_4872.png,teach by singing the parts with them . It was very amusing ,,,
image_4876.png,Wedding Feast . ' Enthusiasm grew ,,,
image_4883.png,in those years more than busy . We now had a vicarage next,,,
image_4884.png,to the church ,,,
image_4886.png,On hearing that I was to leave Tatsfield and come to,,,
image_4897.png,We gathered together a splendid Sunday,,,
image_4907.png,they were a most delightful lot ,,,
image_4912.png,It was quite amusing to see how much,,,
image_4922.png,of 1913 .,,,
image_4925.png,all the many vicissitudes of a long ministry . Mr. and,,,
image_494.png,quantity surveyor . We have descended,,,
image_4942.png,The Bishop ,,,
image_4943.png,Bavaria ,,,
image_4958.png,universally a dull bewildered apathy .,,,
image_4966.png,The Nazi fortress concept turned out to be nothing,,,
image_4988.png,resource . Vesuvius seems to be tired ,,,
image_499.png,needs an imaginative architect to,,,
image_5.png,is to be made at a meeting of Labour,,,
image_5000.png,Naples . He told Cloncurry that he enjoyed it as,,,
image_5003.png,soldier - a favourable change in my eye ,,,
image_5004.png,out fast ... . What a gay ,,,
image_5021.png,him to enjoy anything . ' The Pearl ' ,, which is;,
image_5024.png,and what a busy town . At Rome ,,,
image_5033.png,particularly as the troops are very fine . ',,,
image_5036.png,the soldier - a favourable change in my eye ,,,
image_5037.png,what a busy town . At Rome ,,,
image_5041.png,Pearl ' ,, which is a great;,
image_5051.png,At Rome ,,,
image_5054.png,enjoy anything . ' The Pearl ' ,,;,
image_5057.png,here the priest is 1superceded by the,,,
image_5058.png,Naples . He told Cloncurry that he enjoyed,,,
image_5059.png,particularly as the troops are very fine . ',,,
image_5060.png,to be tired ,,,
image_5061.png,soldier - a favourable change in my eye ,,,
image_5064.png,anything . ' The Pearl ' ,, which;,
image_5078.png,soldier - a favourable change in my eye ,,,
image_5092.png,When the sailing season was past ,,,
image_5095.png,usual ' ,, ' to find;,
image_5102.png,me ,,,
image_5104.png,& I have not yet thought of a fire ... .,,,
image_5108.png,When the sailing season was past ,,,
image_5110.png,to England ,,,
image_5114.png,against me ,,,
image_5123.png,damp ,,,
image_5127.png,England ,,,
image_5129.png,told Arthur ,,,
image_5137.png,was ' suffering as usual ' ,, ' to find this;,
image_514.png,"never were . "" Interrupted by angry Tories ",,,
image_5148.png,there has been much rain and damp ,,,
image_5153.png,a fire ... .,,,
image_5165.png,back to England ,,,
image_5167.png,has been much rain and damp ,,,
image_5174.png,# winter . In late November ,,,
image_518.png,""" The jackals bay when there is nothing better they can do . """,,,
image_5184.png,and damp ,,,
image_5188.png,When the sailing season was past ,,,
image_5189.png,& I have not yet thought of a fire ... .,,,
image_5193.png,temporary assumption of the government by,,,
image_5197.png,the Duke of Wellington .,,,
image_5203.png,this letter he heard of the fall of,,,
image_5207.png,the Whigs ,,,
image_5208.png,the best Valet de Chambre that,,,
image_5220.png,While he was writing this letter he heard of the fall of,,,
image_5229.png,heard of the fall of the Whigs ,,,
image_5244.png,that ever was . But he has not one word of English . ',,,
image_5261.png,assumption of the government by the Duke of,,,
image_5262.png,Wellington .,,,
image_5263.png,by the Duke of Wellington .,,,
image_5264.png,While he was writing this letter he heard of the fall of the,,,
image_5266.png,Whigs ,,,
image_5271.png,I have an Italian who is perhaps the best,,,
image_5277.png,what may happen ... .,,,
image_5278.png,' What a frightful event ! ' he wrote . ' I tremble !,,,
image_5279.png,a mass of Radicalism ,,,
image_5285.png,return of Ultratoryism ,,,
image_5289.png,indifferent ,,,
image_529.png,wretched - but it would not be too comfortable nor too easy to,,,
image_5292.png,What infatuation ! Personally I am,,,
image_5294.png,may happen ... .,,,
image_5314.png,House upon a dissolution ,,,
image_5316.png,mass of Radicalism ,,,
image_5317.png,tuation ! Personally I am indifferent ,,,
image_5320.png,People will be so great at the return of Ultratoryism ,,,
image_5321.png,be mistaken ,,,
image_5333.png,of the People will be so great at the return of,,,
image_5334.png,dissolution ,,,
image_5339.png,Ultratoryism ,,,
image_5343.png,House upon a dissolution ,,,
image_5354.png,infatuation ! Personally I am indifferent ,,,
image_5367.png,infatuation ! Personally I am indifferent ,,,
image_5374.png,mass of Radicalism ,,,
image_5377.png,the People will be so great at the return of,,,
image_538.png,He told them that their conception of social,,,
image_5384.png,an express took him off yesterday . ',,,
image_5388.png,to which he had been subjected ever,,,
image_5389.png,Anglesey's unceasing search for an effective,,,
image_5398.png,& that all may go well . Sir R. Peel was here ,,,
image_5402.png,While he was in Naples there had opened a new,,,
image_5413.png,stand ,,,
image_5417.png,the history of Anglesey's unceasing search for an,,,
image_5418.png,all may go well . Sir R. Peel was here ,,,
image_5419.png,selves seventeen years before had had the slightest effect .,,,
image_5434.png,the history of Anglesey's unceasing search for an effective,,,
image_5435.png,conventional remedies to which he had been subjected,,,
image_5447.png,chapter in the history of Anglesey's unceasing,,,
image_5451.png,God grant ,,,
image_5453.png,in the history of Anglesey's unceasing search for an,,,
image_5455.png,While he was in Naples there had opened a new chapter,,,
image_5467.png,While he was in Naples there had opened a,,,
image_5469.png,new chapter in the history of Anglesey's,,,
image_5483.png,in the history of Anglesey's unceasing search for,,,
image_5487.png,but an express took him off yesterday . ',,,
image_5490.png,slightest effect .,,,
image_5491.png,of the numerous conventional remedies to which he had,,,
image_5494.png,effective alleviation of his painful malady .,,,
image_5496.png,years before had had the slightest effect .,,,
image_5498.png,prophet & that all may go well . Sir R. Peel,,,
image_5508.png,Anglesey believed himself to be on the point,,,
image_553.png,of taking it out of the patients Mr. Powell should,,,
image_5537.png,Nor is this to be wondered at ,,;,
image_5541.png,early as 1830 ,,,
image_5553.png,Nor is this to be wondered at ,,,
image_5561.png,method known as homoeopathy had been,,,
image_5562.png,in the 1960s ,,,
image_5563.png,brought to his notice .,,,
image_5566.png,homoeopathy had been brought to his notice .,,,
image_5572.png,on the point of death ,,,
image_5577.png,method known as homoeopathy had,,,
image_5581.png,6tic douloureux . As early as 1830 ,,,
image_5595.png,was being cultivated with extraordinary,,,
image_5599.png,doctor who had studied under its,,,
image_5609.png,cultivated with extraordinary success in France and Italy ,,,
image_5619.png,diplomatist Lord Ponsonby ,,,
image_562.png,for the sick and needy than Labour had,,,
image_5625.png,In April of that year his first wife's brother-in-law ,,,
image_5627.png,In April of that year his first wife's brother-in-law ,,,
image_5629.png,to give the system a trial ,,,
image_563.png,action against the drug making industry ,,,
image_5633.png,success in France and Italy ,,,
image_5636.png,Dr. Samuel Hahnemann .,,,
image_5646.png,Anglesey to give the system a trial ,,,
image_5648.png,with extraordinary success in France and,,,
image_5660.png,Anglesey to give the system a trial ,,,
image_5670.png,to give the system a trial ,,,
image_5671.png,cultivated with extraordinary success in,,,
image_5673.png,Dr. Samuel Hahnemann .,,,
image_5675.png,France and Italy ,,,
image_5685.png,Burdett described to Anglesey a year or two later,,,
image_5688.png,later as ' more like a God upon earth than,,,
image_5693.png,This remarkable man of medicine ,,,
image_5705.png,had an increasing number of disciples among unorthodox,,,
image_5709.png,was the Neapolitan ,,,
image_5715.png,Europe . One of these was the Neapolitan ,,,
image_5718.png,unorthodox medical men in the cities of Europe . One of these was,,,
image_5719.png,than a human being ' ,,,
image_5724.png,This remarkable man of medicine ,,,
image_5728.png,' more like a God upon earth than a human being ' ,,,
image_5729.png,had an increasing number of disciples among,,,
image_5731.png,Burdett described to Anglesey a year or two later as,,,
image_5739.png,Anglesey consulted in May 1834 .,,,
image_574.png,children and sick people than to take on this vast,,,
image_5744.png,of Europe . One of these was the Neapolitan ,,,
image_5746.png,consulted in May 1834 .,,,
image_5748.png,Francis Burdett described to Anglesey a,,,
image_5751.png,unorthodox medical men in the cities,,,
image_5753.png,a human being ' ,,,
image_5757.png,Francis Burdett described to Anglesey a year or two,,,
image_5764.png,had an increasing number of disciples among,,,
image_5767.png,This remarkable man of medicine ,,,
image_5774.png,Europe . One of these was the Neapolitan ,,,
image_578.png,carried on .,,,
image_5787.png,patient and persevering ,,,
image_5790.png,that he found Anglesey a strong ,,,
image_5793.png,even-tempered and sedate ,,,
image_5796.png,that he found Anglesey a strong ,,,
image_58.png,Since 1958 ,,,
image_5803.png,In doing so he described his distinguished patient,,,
image_5806.png,' but he appears to despair of ever being cured . ',,,
image_5816.png,told Hahnemann that he found Anglesey a strong ,,,
image_5818.png,character ,, patient and;,
image_5823.png,persevering ,,,
image_5829.png,appears to despair of ever being cured . ',,,
image_5830.png,Hahnemann that he found Anglesey a strong ,,,
image_5833.png,so he described his distinguished patient and his,,,
image_5838.png,a strong ,,,
image_5854.png,Mauro's first action was to write to his revered,,,
image_5864.png,"master at Ko""then ",,,
image_5867.png,Anglesey a strong ,,,
image_5869.png,not easily irritated ,,,
image_587.png,to giving details of plans for improving the hospital service ,,,
image_5877.png,sedate ,,,
image_5883.png,charming character ,,,
image_5897.png,index ,,,
image_5903.png,As in 1958 ,,,
image_5913.png,all households in the sample .,,,
image_592.png,When Mr . Brown sat down Labour M Ps cheered for,,,
image_5920.png,are highway payments ,,,
image_5932.png,' Are you enjoying yourself ,,,
image_5936.png,put Vittoria on guard . ' Santa Maria ! These spying,,,
image_5953.png,face pale . Philip ,, but;,
image_5962.png,presume we shall be allowed to have one or two,,,
image_597.png,making progress . His basic defence of the,,,
image_5976.png,provisions of Schedule D taxation which not only allowed her,,,
image_5977.png,He read the film star's sorry story and frowned at the,,,
image_5988.png,three of which were in her husband's name ,,,
image_5993.png,Miss Cheesecake to spend all the money which,,,
image_5997.png,tax relief for a jacket used,,,
image_5998.png,had had with the Inland Reve-,,,
image_5999.png,The train drew into another station,,,
image_600.png,the proposed changes the net cost of the,,,
image_6001.png,nue in an effort to obtain,,,
image_6023.png,There was a click and the,,,
image_6027.png,paper-clips . After a few seconds,,,
image_6032.png,eager hand inside ,,,
image_6035.png,rested on a wad of stiff white paper printed on one,,,
image_6037.png,break their promise to pay on rude demand ,,,
image_6038.png,nervous excitement ,,,
image_6044.png,Cecil frowned in disappointment as he focussed upon the,,,
image_6045.png,MONOTECHNIC INSTITUTE ADVANCED ACCOUNTANCY,,,
image_6048.png,briefcase at the ticket-collector with the firm,,,
image_6051.png,intention of playing the dutiful citizen,,,
image_6055.png,retrieving lost property .,,,
image_6062.png,Sentence Database,,,
image_6065.png,they had once obtained as a free gift in exchange,,,
image_6069.png,brella stand . ' You 're later than usual ,,,
image_607.png,foods would still be free in families,,,
image_6071.png,and ,,,
image_6078.png,asked solicitously . ' You do look tired .,,,
image_6079.png,Cecil ? Don't you feel well ? ' his mother,,,
image_6082.png,last week ,,,
image_6087.png,dinner ready . ',,,
image_6095.png,climb the stairs ,,,
image_6096.png,Cecil wriggled irritably under the misplaced management,,,
image_6100.png,towards it and picked it up .,,,
image_6105.png,what it 's all about . ' Cecil halted in,,,
image_6110.png,' What have we here ? A new briefcase ! So THAT 'S,,,
image_6122.png,In spite of all the transferred maternity,,,
image_6131.png,"It was a nakedness of nai""vety to be",,,
image_6133.png,put through .,,,
image_6137.png,an agent ,,,
image_6144.png,the affluent middle-class ,,,
image_6153.png,to save the ten percent needed . Or so she,,,
image_6169.png,suit ,,,
image_617.png,foods ,,,
image_6172.png,from dusty hair on the dusty shoulders of his black,,,
image_6173.png,"they 're not - money-lenders ? "" "" Mrs. - er - Buttery ",,,
image_6176.png,"this property ... . "" "" But ",,";
image_6180.png;ones . Well , now , let me see . I think I can put you onto;
image_6186.png;"" I know what you mean . You may trust me "," Mrs."";"
image_619.png,Powell said that all these foods would,,,
image_6197.png,allow for the wife's earnings .,,,
image_6198.png,I 'm afraid we can't take yours into account,,,
image_6199.png,difficult with self-employed persons ,,,
image_621.png,still be free in families receiving regular,,,
image_6215.png,a bit . I 'm sure you could raise the rest from,,,
image_622.png,claimed was underpinning - not undermining -,,,
image_6220.png,our own bathroom .,,,
image_6226.png,which wasn't a bit practical really ,,,
image_6227.png,Vence is a sober spot ,,,
image_623.png,the service . Answering the attack on,,,
image_6232.png,linked by a whispering plot of fountains . In the main,,,
image_6235.png,is a smart but modest bar called Pierre's Bar . For one,,,
image_6236.png,elderly lady ,,,
image_6245.png,was true ,,,
image_6257.png,The flat was on the third floor , soft Provenc*?,,
image_6258.png,6al view , running,,
image_6261.png,basin and bidet ,,,
image_6278.png,sat in the square reading the Patriote .,,,
image_628.png,""" That cannot continue without either development",,,
image_6284.png,He used to come to Pierre's Bar again and,,,
image_6285.png,There was a front-page rear-attack on de,,,
image_6289.png,the Mediterranean between Corsica and St,,,
image_6293.png,proposal to drop radio-active material into,,,
image_6298.png,They mostly occurred in lonely farm-houses .,,,
image_6303.png,informing them that he was on the point,,,
image_6304.png,paper and the superintendent of police ,,,
image_6305.png,which again left his household goods,,,
image_6308.png,actually reported in the next issue ) returned,,,
image_631.png,being limited or an adjustment being made,,,
image_6316.png,an elderly farm labourer out for a shoot,,,
image_6318.png,ended well ,,,
image_6320.png,Some grim comic relief was provided by,,,
image_6329.png,towns ,,,
image_6330.png,islands tapering to shipwrecked castles and,,,
image_6335.png,a muffled bell taps the sky . Here we,,,
image_6339.png,beech and the thin pine fingers,,,
image_634.png,underpinning - not undermining - the service .,,,
image_6342.png,stopped . Down below is the village of,,,
image_635.png,"Answering the attack on "" economic charges """,,,
image_637.png,"in financing . "" The Government decided to adjust",,,
image_6371.png,the municipality . Yet ,,,
image_6374.png,The cool evening perfumes stood,,,
image_6379.png,organs were impaired years ago ) ,,,
image_639.png,de Gaulle's official welcome last week,,,
image_6394.png,Madame N's husband had made an,,,
image_6395.png,beach catastrophe in the Patriote .,,,
image_6396.png,reported her to the police ,,,
image_6397.png,The sister ,,,
image_6398.png,off a cliff near Monte Carlo .,,,
image_64.png,Since 1958 ,,,
image_6402.png,went to her fiance*?2's house and,,,
image_6407.png,down to visit my young friend Philip,,,
image_6417.png,flat with a devotion which said that,,,
image_6418.png,Catherine lives in a white house,,,
image_6423.png,to read on the train . Catherine is 13 .,,,
image_6425.png,ficult ,,;,
image_6429.png,I suggested she might find them dif-,,,
image_643.png,And he has abandoned plans to visit President de,,,
image_6432.png,might borrow the stories of Isaac Babel,,,
image_6436.png,towards each other as they talked . In,,,
image_6439.png,I followed ,,,
image_645.png,to Britain's moves towards the Six was,,,
image_6460.png,who had red eyes . Grasping Catherine,,,
image_6461.png,punished for his crime ,,,
image_6474.png,absolutely beastly ,,,
image_668.png,is represented by Sir Roderick Barclay,,,
image_670.png,tary at the Ministry of Agriculture ,,,
image_675.png,Eric Roll ,,,
image_676.png,negotiations should be held .,,,
image_684.png,fated to fly into trouble abroad . Last year it was,,,
image_710.png,been raised against the strikers and is now beginning,,,
image_73.png,Delegates from Mr. Kenneth Kaunda's United National Independence,,,
image_730.png,police and 16 armoured cars . And how did the,,,
image_731.png,they are still holding out despite the presence of 1,,,
image_736.png,a posse of police arrived and in less than,,,
image_74.png,violently opposed to Africans getting an elected majority,,,
image_740.png,told them ,,,
image_748.png,* enough,,,
image_763.png,going out of action ,,,
image_765.png,It alleged : Phones were being tapped and,,,
image_777.png,Mr. Ralph Schoenman ,,,
image_78.png,Delegates from Mr. Kenneth Kaunda's,,,
image_786.png,"members tried a "" plant "" call on suspect phone . They",,,
image_790.png,will take the rigours of prison in his stride . He,,,
image_794.png,Sir Roy Welensky said today that he no,,,
image_799.png,said that Mr. Kaunda's United National Independence,,,
image_80.png,majority in Northern Rhodesia ,,,
image_813.png,had stimulated violence ,,,
image_820.png,"would make the Mau Mau in Kenya "" seem like a",,,
image_821.png,""" It is true he made a point of again being absent",,,
image_824.png,if UNIP did not get its way what would happen,,,
image_832.png,priority to the clash over Northern Rhodesia on his,,,
image_833.png,at Admiralty House . A statement is expected today,,,
image_839.png,Constitution unless it is modified .,,,
image_850.png,yesterday . Forty other Africans greeted him ,,,
image_855.png,King Freddie and three other hereditary rulers of,,,
image_861.png,Uganda Constitutional conference opens next Monday .,,,
image_867.png,""" Ban-the-Bomb "" demonstrators . Police leave",,,
image_871.png,Then their views will be transmitted back .,,,
image_873.png,and wait to hear the conference's proposals .,,,
image_880.png,and Robert Bolt ( The Flowering Cherry ) were,,,
image_882.png,ended yesterday in 32 members of the,,,
image_886.png,"of Parliament Square . """,,,
image_895.png,and reserves ,,,
image_897.png,call-out of police ,,,
image_906.png,been seen on any wider basis ,,,
image_908.png,Foreign Minister . In fact such Yugoslav activity has,,,
image_914.png,sphere ,,,
image_919.png,the uncommitted countries and even to work out common,,,
image_920.png,situation and especially in view of fresh problems facing,,,
image_927.png,was reported earlier in Laos that Prince,,,
image_934.png,their mission have been disclosed ,,,
image_935.png,Two emissaries from the Laotian Government,,,
image_937.png,Laos . His policy of strict neutrality from 1951,,,
image_938.png,pro-western centre and south .,,,
image_939.png,to 1958 kept the kingdom in peace ,,,
image_940.png,at the cost of virtual partition of the country,,,
image_942.png,himself as the only legal Prime Minister of,,,
image_944.png,Prince Souvanna Phouma has not yet replied to,,,
image_960.png,with the political and military leadership,,,
image_975.png,With the Prime Minister sunning himself in Jamaica,,,
image_976.png,some 2,,,
image_979.png,ference will concentrate on laying the,,,
image_985.png,when in spite of carefully worded state-,,,
image_987.png,for him ,,,
image_990.png,illusion in the Conservative Party that their,,,
